Source_Sector,Federal Gov,Indigenous,Local Gov,NGO,Private,Prov Gov
Federal Gov,0.03558718861209965,0.028469750889679714,0.010676156583629894,0.028469750889679714,0.010676156583629894,0.028469750889679714
Indigenous,0.021352313167259787,0.021352313167259787,0.021352313167259787,0.03558718861209965,0.021352313167259787,0.03202846975088968
Local Gov,0.02491103202846975,0.042704626334519574,0.03202846975088968,0.028469750889679714,0.021352313167259787,0.03914590747330961
NGO,0.028469750889679714,0.010676156583629894,0.028469750889679714,0.017793594306049824,0.014234875444839857,0.021352313167259787
Private,0.021352313167259787,0.021352313167259787,0.021352313167259787,0.021352313167259787,0.0035587188612099642,0.014234875444839857
Prov Gov,0.02491103202846975,0.060498220640569395,0.05693950177935943,0.060498220640569395,0.02491103202846975,0.06405693950177936
